TGL49_0087_Cf_U_PE_330_CM	TGL49_0119_Cf_U_PE_332_CM	TGL49_0025_Cf_U_PE_329_CM	TGL49_0092_Cf_U_PE_329_CM	TGL49_0123_Cf_U_PE_326_CM	TGL49_0097_Cf_U_PE_330_CM	TGL49_0098_Cf_U_PE_316_CM	TGL49_0101_Cf_U_PE_327_CM	TGL49_0102_Cf_U_PE_334_CM	TGL49_0103_Cf_U_PE_339_CM	TGL49_0106_Cf_U_PE_341_CM	TGL49_0107_Cf_U_PE_338_CM	TGL49_0109_Cf_U_PE_338_CM	TGL49_0110_Cf_U_PE_337_CM	TGL49_0111_Cf_U_PE_335_CM	TGL49_0113_Cf_U_PE_327_CM	TGL49_0115_Cf_U_PE_328_CM	TGL49_0117_Cf_U_PE_323_CM	TGL49_0025_Cf_U_PE_328_CM	TGL49_0121_Cf_U_PE_332_CM	TGL49_0125_Cf_U_PE_336_CM	TGL49_0126_Cf_U_PE_332_CM	TGL49_0127_Cf_U_PE_318_CM	TGL49_0128_Cf_U_PE_322_CM	TGL49_0130_Cf_U_PE_333_CM	TGL49_0131_Cf_U_PE_322_CM	TGL49_0132_Cf_U_PE_335_CM	TGL49_0133_Cf_U_PE_333_CM	TGL49_0134_Cf_U_PE_340_CM	TGL49_0028_Cf_n_PE_392_CM	TGL49_0029_Cf_U_PE_368_CM	TGL49_0210_Cf_U_PE_373_CM	TGL49_0211_Cf_U_PE_369_CM	TGL49_0212_Cf_U_PE_357_CM	TGL49_0213_Cf_n_PE_377_CM	TGL49_0213_Cf_U_PE_365_CM	TGL49_0214_Cf_n_PE_366_CM	TGL49_0215_Cf_n_PE_383_CM	TGL49_0216_Cf_n_PE_363_CM	TGL49_0217_Cf_n_PE_368_CM	TGL49_0218_Cf_n_PE_354_CM	TGL49_0219_Cf_n_PE_380_CM	TGL49_0220_Cf_n_PE_356_CM	TGL49_0221_Cf_n_PE_374_CM	TGL49_0222_Cf_n_PE_390_CM	TGL49_0223_Cf_n_PE_382_CM	TGL49_0052_Cf_U_PE_328_CM	TGL49_0053_Cf_U_PE_334_CM	TGL49_0054_Cf_U_PE_324_CM	TGL49_0055_Cf_U_PE_318_CM	TGL49_0057_Cf_U_PE_316_CM	TGL49_0058_Cf_U_PE_322_CM	TGL49_0061_Cf_U_PE_316_CM	TGL49_0062_Cf_U_PE_317_CM	TGL49_0063_Cf_U_PE_321_CM	TGL49_0066_Cf_U_PE_330_CM	TGL49_0067_Cf_U_PE_335_CM	TGL49_0068_Cf_U_PE_320_CM	TGL49_0042_Cf_U_PE_313_CM	TGL49_0043_Cf_U_PE_319_CM	TGL49_0044_Cf_U_PE_319_CM	TGL49_0045_Cf_U_PE_317_CM	TGL49_0047_Cf_U_PE_317_CM	TGL49_0048_Cf_U_PE_315_CM	TGL49_0028_Cf_U_PE_310_CM	TGL49_0029_Cf_U_PE_313_CM	TGL49_0030_Cf_U_PE_312_CM	TGL49_0037_Cf_U_PE_311_CM	TGL49_0036_Cf_U_PE_320_CM	TGL49_0025_Cf_U_PE_308_CM	TGL49_0016_Cf_U_PE_306_CM	TGL49_0017_Cf_U_PE_304_CM	TGL49_0021_Cf_U_PE_309_CM	TGL49_0024_Cf_U_PE_303_CM	TGL49_0049_Cf_U_PE_319_CM	TGL49_0050_Cf_U_PE_317_CM	TGL49_0051_Cf_U_PE_319_CM	TGL49_0056_Cf_U_PE_317_CM	TGL49_0060_Cf_U_PE_315_CM	TGL49_0032_Cf_U_PE_308_CM	TGL49_0033_Cf_U_PE_310_CM	TGL49_0034_Cf_U_PE_307_CM	TGL49_0006_Cf_U_PE_314_CM	TGL49_0007_Cf_U_PE_323_CM	TGL49_0009_Cf_U_PE_309_CM	TGL49_0011_Cf_U_PE_321_CM	TGL49_0012_Cf_U_PE_311_CM	TGL49_0001_Cf_U_PE_309_CM	TGL49_0002_Cf_U_PE_314_CM	TGL49_0004_Cf_U_PE_317_CM	TGL49_0038_Cf_U_PE_300_CM	TGL49_0031_Cf_U_PE_320_CM	TGL49_0039_Cf_U_PE_322_CM	TGL49_0040_Cf_U_PE_321_CM	TGL49_0046_Cf_U_PE_318_CM	TGL49_0065_Cf_U_PE_320_CM	TGL49_0105_Cf_U_PE_321_CM	TGL49_0051_Cf_n_PE_2203181_CM	TGL49_0051_Cf_n_PE_2203182_CM	TGL49_0052_Cf_n_PE_2203181_CM	TGL49_0052_Cf_n_PE_2203182_CM	TGL49_0058_Cf_n_PE_2203181_CM	TGL49_0058_Cf_n_PE_2203182_CM	TGL49_0064_Cf_n_PE_220318_CM	TGL49_0065_Cf_n_PE_220318_CM	TGL49_0211_Cf_n_PE_220318_CM	TGL49_0316_Cf_n_PE_393_CM	TGL49_0319_Cf_n_PE_369_CM	TGL49_0319_Cf_n_PE_381_CM	TGL49_0322_Cf_n_PE_373_CM	TGL49_0322_Cf_n_PE_380_CM	TGL49_0326_Cf_n_PE_376_CM	TGL49_0326_Cf_n_PE_382_CM	TGL49_0328_Cf_n_PE_378_CM	TGL49_0329_Cf_n_PE_394_CM	TGL49_0335_Cf_n_PE_395_CM	TGL49_0337_Cf_n_PE_406_CM	TGL49_0337_Cf_n_PE_408_CM	TGL49_0346_Cf_n_PE_353_CM	TGL49_0346_Cf_n_PE_397_CM	TGL49_0355_Cf_n_PE_353_CM	TGL49_0355_Cf_n_PE_369_CM	TGL49_0395_Pb_n_PE_362_CM	TGL49_0395_Pb_n_PE_363_CM	TGL49_0395_Pb_n_PE_414_CM	TGL49_0007_Pb_n_PE_301_CM	TGL49_0007_Pb_n_PE_302_CM	TGL49_0007_Pb_n_PE_303_CM	TGL49_0007_Pb_n_PE_304_CM	TGL49_0022_Pb_n_PE_305_CM	TGL49_0025_Pb_n_PE_309_CM	TGL49_0025_Pb_n_PE_310_CM	TGL49_0103_Pb_n_PE_312_CM	TGL49_0448_Pb_n_PE_314_CM	TGL49_0449_Pb_n_PE_315_CM	TGL49_0210_Cf_n_PE_301_CM	TGL49_0022_Pb_n_PE_306_CM	TGL49_0022_Pb_n_PE_307_CM	TGL49_0022_Pb_n_PE_308_CM	TGL49_0025_Pb_n_PE_311_CM	TGL49_0103_Pb_n_PE_313_CM	TGL49_0213_Cf_n_PE_303_CM	TGL49_0029_Cf_n_PE_309_CM	TGL49_0029_Cf_n_PE_318_CM	TGL49_0031_Cf_n_PE_315_CM	TGL49_0031_Cf_n_PE_329_CM	TGL49_0034_Cf_n_PE_323_CM	TGL49_0034_Cf_n_PE_324_CM	TGL49_0039_Cf_n_PE_313_CM	TGL49_0039_Cf_n_PE_325_CM	TGL49_0039_Cf_n_PE_331_CM	TGL49_0044_Cf_n_PE_321_CM	TGL49_0255_Ct_n_PE_220318_CM	TGL49_0256_Ct_n_PE_220318_CM	TGL49_0257_Ct_n_PE_220318_CM	TGL49_0258_Ct_n_PE_220318_CM	TGL49_0259_Ct_n_PE_220318_CM	TGL49_0260_Ct_n_PE_220318_CM	TGL49_0261_Ct_n_PE_220318_CM	TGL49_0263_Ct_n_PE_220318_CM	TGL49_0196_Ct_T_PE_319_CM	TGL49_0197_Ct_T_PE_313_CM	TGL49_0198_Ct_T_PE_312_CM	TGL49_0199_Ct_T_PE_312_CM	TGL49_0200_Ct_T_PE_310_CM	TGL49_0201_Ct_T_PE_318_CM	TGL49_0201_Cf_R_PE_423_CM	TGL49_0264_Pb_U_PE_414_CM	TGL49_0265_Pb_U_PE_421_CM	TGL49_0266_Pb_U_PE_379_CM	TGL49_0267_Cf_R_PE_389_CM	TGL49_0267_Pb_U_PE_412_CM	TGL49_0268_Pb_U_PE_378_CM	TGL49_0301_Cf_R_PE_431_CM	TGL49_0302_Cf_R_PE_394_CM	TGL49_0303_Cf_R_PE_403_CM	TGL49_0304_Cf_R_PE_387_CM	TGL49_0305_Cf_R_PE_417_CM	TGL49_0306_Cf_R_PE_375_CM	TGL49_0307_Cf_R_PE_388_CM
0.216986618549246	0.0533073586964347	0.495521549927255	0.161096914071173	0.494159126213452	0.0100053487259627	0.0430814376575585	0.0295320549383734	0.0629300787150567	0.0066851569973473	0.0160043647141357	0.011373932607113	0.0784196882950382	0.193713708373215	0.481014797935324	0.424945165324404	0.203801491572211	0.0222227517949361	0.0031571335544653	0.0027757695100443	0.0041673647936672	0.395826031744688	0.0088116920918505	0.0252123145096556	0.0079537374960491	0.176100593237379	0.0201634665940795	0.101454378370549	0.04301277673899	0.0646432858983435	0.704550286851554	0.636354431173466	0.227719026739212	0.251573312553402	0.0447495060448513	0.436487066401779	0.0250100900922706	0.226780381677279	0.0928296773492033	0.0907321393188904	0.181212056660584	0.528791607546526	0.0217594506483833	0.0397814841386584	0.45810600212752	0.115250366115031	0.65147175850232	0.189921437551118	0.628259117338948	0.607655780445598	0.654428371197344	0.684820191337118	0.60581147702864	0.534931598320144	0.507545360102308	0.519886049257345	0.465308968327763	0.663504771879769	0.471485174655495	0.492911513531731	0.524181102846079	0.431214892150862	0.546000825057279	0.506395935839586	0.398576766842854	0.405998857563495	0.228637064602203	0.519986798675726	0.54250487884408	0.110775839457862	0.0412351410320214	0.0652903871465521	0.527274190969872	0.25990191139341	0.58278714054401	0.356448069482103	0.491491428467102	0.269512202930306	0.447462137530749	0.616463591687278	0.107853355837816	0.130848721055663	0.0539532305688257	0.0079469224669178	0.295035664007294	0.0091692318080895	0.0108337852182924	0.188060173209723	0.321852743262571	0.0005689159544401	0.158699800216431	0.493106811050836	0.351881687102331	0.594682528988481	0.448966568432046	0.401316686783721	0.0951611746284816	0.0975917060784104	0.209256167199	0.0057378181737441	0.0012728810325229	0.017920449959795	0.0557922328252101	0.624997450129073	0.149782020320595	0.287226145384853	0.106178046092237	0.002250476950492	0.0100836424898977	0.0054108869255717	0.0190124207114266	0.254422689429942	0.0340623826135512	0.509239051473293	0.0829786842360442	0.260557045635179	0.730979826549981	0.722832341667831	0.0195784506273783	0.712602960725502	0.0048528662974693	0.498275909670417	0.88781421534272	0.218406451725098	0.213677001472523	0.0108968832418113	0.0349233627949158	0.015736973593808	0.0296827147536974	0.0076822203166326	0.0356458210707015	0.0456016427689743	0.733921330434083	0.066010714918808	0.0958738447248045	0.461638084292138	0.885249724836433	0.118505755985347	0.0491000780137128	0.120091613775097	0.124455002438707	0.0160846309367247	0.0004853885150021	0.0001323420158273	0.0005602755015516	0.0107667358122176	0.0004409290317099	4.85930646763266e-05	0.0003157922973181	0.0022355356807754	0.0017227903384192	0.0003027746228092	0.312733810215754	0.0281960150995765	0.609677670321373	0.0038944413268919	0.0015922114302517	0.327991688461225	0.027243292745817	0.482554419189606	0.540172798119722	0.46222214695277	0.126584687077945	0.273304670788281	0.143416867188369	0.0069955278214574	0.0055774281799261	0.0007373469223481	0.0035625209515477	0.0004307651206239	0.0365608000424406	0.0005345731689207	0.0006346750992578	0.0008647984238128	0.0038796541839466	0.0269224124813994	0.0002999010948257	0.0029564367546174	0.0005510181708161	0.0046943747684316
0.267279041074993	0.161444106777019	0.0235513532230339	0.0278508950072974	0.004625169193077	0.0026952635910374	0.0212057155019021	0.0373291990803608	0.0157870857954482	0.0790306464412221	0.029617242019204	0.0021256522982124	0.0348246249251989	0.0358740394326927	0.0379223777597247	0.0064890590732463	0.137488417218316	0.0120324625342842	0.0013245048404301	0.0821267321111718	0.117261351914509	0.0157791660872593	0.0019752485384077	0.520303008079139	0.0032811006658183	0.691840478201368	0.0057609276734216	0.0680214672695363	0.0108439996828704	0.0047895583437762	0.005488013274891	0.0369845778149823	0.0036647770382897	0.194193567178487	0.0319086363001239	0.0401232962067493	0.0028551365148071	0.0409724405315501	0.002559990311029	0.102228490437794	0.078191419588318	0.0446020045609073	0.0032531166684037	0.0042055761828667	0.109656480744851	0.0697942136839185	0.146909237577446	0.19619010679648	0.096073279832308	0.124157424604781	0.118276801888456	0.49990044119664	0.242329021908743	0.146465791317743	0.186073463962545	0.0219763249693767	0.174493396446358	0.248079299657642	0.0528546914677461	0.0081219069794486	0.158354445310023	0.0101582003188235	0.075641633057242	0.0755281953209159	0.034012148852897	0.0429712459001981	0.108059957390485	0.402112046159486	0.0997906699155954	0.0043912096007981	0.000186815376284	0.002358570223218	0.0952706260136674	0.0289135845454379	0.100373266540963	0.0598805779731692	0.422542525349349	0.0407665655518173	0.23691780627481	0.103931166411403	0.0074509381678714	0.0397932026533817	0.0410323711494317	0.0017432255295651	0.0638997873454168	0.0012650282462856	0.0124471034924045	0.0247690413865827	0.0990470677420419	6.36991538351121e-05	0.0114387237291491	0.101322335578848	0.0462305567147316	0.567421757518284	0.0483142037662565	0.0499903250271443	0.0018806557129641	0.0267252859771279	0.0707933056066752	0.0218872908754302	0.0169519657829574	0.0249257303847951	0.0026667593414716	0.221969713893243	0.0355981600280763	0.0339323413102184	0.0034691848676348	0.0239558515067138	0.0026025476636335	0.0024650722007465	0.0646771997359198	0.0545794217582245	0.340232686545722	0.078741658656998	0.0882036942307872	0.0068676514530613	0.337982419459327	0.0044296367020407	0.000902605971165	0.262559901778995	0.0051937078712365	0.183049282269516	0.0693585267200228	0.0425486146998609	0.288030764306885	0.0436949079421596	0.029416330525469	0.0224216071700272	0.032481491269374	0.523965600947925	0.0366889744148912	0.0343996039461746	0.0358026107591865	0.0442769804458378	0.0597729090264781	0.485576433890816	0.0832148413849091	0.0943079188448643	0.0559134114513679	0.0778473656881117	0.0755211263881641	0.0080880405528506	0.158261962427938	0.0008006511215945	0.0009018763224072	0.0685410341525671	0.0017726201322976	0.172503744622464	0.0019007635562862	0.0151860617115028	0.0010897580048611	0.0007171285205697	0.0810490355085161	0.0041968619721162	0.089456951554225	0.0038425034856473	0.0180934857548508	0.0258203939973715	0.0019090247207659	0.158027123664314	0.0637893256939307	0.512924669772859	0.022020097990771	0.0028393040401159	0.104980363291383	0.0096809462498403	0.0039127945177341	0.012767090174565	0.110904671968161	0.0020000091113064	0.0024687057124793	0.0282821965320168	0.0026173198610418	0.0024106706111466	0.0025392308825031	0.113640615367921	0.0019193181339452	0.0038973831407326	0.0228193158104462	0.0140518540186176
0.486095930304355	0.615116141855883	0.135920691500425	0.599978202114279	0.469688574876391	0.0307612113987152	0.17455708317835	0.371683696960552	0.0377551497847292	0.131968601165288	0.221268808557758	0.0421006473305174	0.0350232792418248	0.476005197383233	0.569930077807304	0.469810336028502	0.231082478514545	0.508476459252172	0.0518548012543862	0.0060510539464794	0.0845986629628656	0.427774961023834	0.031194678569841	0.0656310629425123	0.0202991519172486	0.379576776903121	0.565331163329135	0.282972945150345	0.103346516442379	0.537835305578562	0.435994272763551	0.592455592682042	0.194196024738772	0.622044536077963	0.519109677347118	0.7214382713932	0.0050461413323806	0.511898767770586	0.436545279699881	0.302528266856017	0.13666535560077	0.498180527213814	0.554863789106372	0.463108590568768	0.648005918427384	0.300948718980784	0.672755198898493	0.668527073363999	0.0012632203489541	0.631207656545514	0.680805723370653	4.71750072545876e-08	0.147318722796142	0.639187849695957	0.607529293481623	0.64042761177502	0.591952502306778	0.67845474841226	0.640049465171289	0.536744062418369	0.706479487471429	0.441273263819387	0.625854907327682	0.657429230278475	0.617987044625017	0.602875199090107	0.503256850598296	0.551269780401476	0.415153563236519	0.415422200781462	0.271193672875574	0.345679760949068	0.214098287368248	0.528896683114623	0.299336227183865	0.572164445083431	0.668374387841076	0.526317222718784	0.637354935162988	0.327794812697997	0.401311433558672	0.532364520082199	0.264021037640537	0.0655940122554838	0.545057805886057	0.0876685334708413	0.288576380917233	0.539551073172536	0.467836708866308	0.0054569862076538	0.468947139304003	0.633958827893341	0.589834674584214	0.704898788658126	0.631225158945428	0.606610635455347	0.309085281492817	0.241819585907489	0.240993917697629	0.0140549474831695	0.0345149792675068	0.0032952361053677	0.0050067593494596	0.568290387074422	0.67346580583287	0.542156102459352	0.653357315319826	0.0350437294766012	0.189832952073135	0.0132582821410622	0.0676680185251097	0.565788081745043	0.659354828414561	0.646562682617204	0.626231835630881	0.68910695951112	0.600670515131771	0.497346386035009	0.109353349268023	0.692613948429443	0.0684940470213422	0.668136648809354	0.214775521871144	0.707876887690552	0.533979348954771	0.035943030456802	0.041168659389969	0.014749629986365	0.0312900666567987	0.0806804872316289	0.0365307368092291	0.0579633628650447	0.407952607978923	0.567769651907023	0.124909611764059	0.0230880464372235	0.115001693952185	0.136848113725854	0.0466983536674832	0.151462709528497	0.962792004636229	0.799299129892039	0.010782681117946	9.54543814775379e-05	0.0122975138045261	0.0039126564432266	0.0006216796953654	2.79012387071619e-05	0.0060483829608251	0.0044560574829148	0.0002482885377238	1.38583789753228e-05	0.571014234249759	0.363363585807798	0.674173972193065	0.00650277216317	0.018474174599694	0.573159004545254	0.359829537312789	0.426684866276477	0.0625916491837889	0.544039980360918	0.389885234763244	0.580485410209788	0.404033463377468	0.0294657042107698	0.0105268628604989	0.0063786750103271	0.162970432419518	0.0003339234467051	0.0170333635654815	0.000362057277162	0.0097826554028305	0.0067717742649504	0.0022713620053191	0.0002587402613913	0.0280881412519869	0.0038908538547877	0.0004144837208065	0.0047261055172873
0.228177143277296	0.074693493011258	0.56823837833061	0.573237582939986	0.496096545463512	0.0237387921725645	0.267132116496319	0.0521430915916489	0.0228473097577161	0.0154523036159111	0.0353794600459454	0.127906181467223	0.328878094222455	0.217667487142547	0.301762202256802	0.229015261139904	0.0847441380547298	0.0407486395216578	0.0084426302052481	0.0084945471766879	0.0106141481288426	0.459762762265424	0.26688991247655	0.0415338153649005	0.0190814628751666	0.570402871323295	0.0361163356614852	0.128870758834212	0.0668666377375441	0.354164199978777	0.516855040136258	0.389911115527457	0.303666004693388	0.0893663946581931	0.0708969677958591	0.336862949959848	0.0103363596048837	0.690713202491061	0.0247159794119952	0.409282152063342	0.0652757700186061	0.652461063381576	0.230519708945734	0.29670059601931	0.18392999053996	0.193014987268455	0.265727342128808	0.034721663057352	0.353048259443364	0.603822164966373	0.653255218182595	0.688970244711533	0.597783278439058	0.529269563968662	0.500930046589914	0.511796544055622	0.454888115646234	0.147311780214776	0.535927781263228	0.325894753870194	0.531566023178218	0.443998809985719	0.455541547741454	0.502732888334857	0.403417967577814	0.404944471897323	0.255038901233603	0.327960522087342	0.438758342897558	0.120107863267193	0.0540003931105581	0.0816549001608803	0.571070329248027	0.27583523541895	0.578194637102509	0.36384098615328	0.49178765511981	0.615439707896232	0.541970635773598	0.345728182342275	0.121384317941807	0.142223796663438	0.37281083028558	0.0103896809317746	0.281501632522131	0.0116236799492314	0.0795650312256028	0.175754220803433	0.326550778178269	0.0002042857677907	0.178970995411245	0.482117273606266	0.523332618912827	0.581383162437758	0.43081813880136	0.398153397828223	0.129790458069704	0.550903690892654	0.179385038338752	0.0888738739880767	0.0049245318120921	0.0074269115072099	0.0621087669120092	0.620822643782623	0.171371084698305	0.114660516774175	0.606864774403338	0.058531309457095	0.0215533792313862	0.0132917339576558	0.20303597266755	0.599321941309071	0.279265563182359	0.53677221605225	0.414642718075357	0.259417228757388	0.547268182617586	0.548320382505904	0.0361737558551164	0.179908472327634	0.106706902327573	0.322293938690655	0.0251445385041151	0.232729824789865	0.547284634729923	0.0225351599512346	0.0404361452394806	0.0220425201544756	0.0381249506974903	0.0126830363914873	0.0388497190860767	0.0552748146379634	0.236260435552562	0.0744534415340685	0.853169358473784	0.322469715343519	0.105198784024397	0.124540356224796	0.0528150900532014	0.122195706136082	0.127137318183405	0.527590746443561	0.0019428929597934	0.0124320335174129	0.0121429318231222	0.222880243302177	0.0010002174890121	0.0020385091888685	0.0013869605258047	0.0087488242059244	0.0075581752264706	0.0002308386324147	0.61817833099139	0.0491163666126967	0.625286716548258	0.187917273417523	0.0382826614099531	0.0762204730967357	0.0109148150530935	0.0638367359505988	0.540007534571853	0.472732011502188	0.340020040656299	0.144384900537639	0.400930630197482	0.0852342860880563	0.0136473617588812	0.0029266409673149	0.0100849363851485	0.0017752522506695	0.0236452529038941	0.0020101999203492	0.0416335244702833	0.0029158753673581	0.0015465449472578	0.0017983804040995	0.0105520564391802	0.0072180590168025	0.0018175214883893	0.0022431227764279
0.420803154732267	0.437266117224781	0.589378498536996	0.379932907023726	0.596811892391195	0.0376010262195047	0.407469883816701	0.098608771182746	0.042023350946769	0.13740495541316	0.0587140151842202	0.0477319212114031	0.39531860673925	0.411925633085924	0.509391344479105	0.415071690549135	0.19596185376572	0.0943960818654553	0.0124361312737473	0.0099878259123698	0.0171510555501788	0.154779881417084	0.0362532881435468	0.066978858898535	0.0267496995805088	0.646102714761909	0.0560356134032965	0.244572707452285	0.515677056864335	0.202698753636326	0.635023057106298	0.657057475434545	0.171638276259951	0.46081528402821	0.489846891301253	0.48429252390294	0.0101724842947773	0.643786083486495	0.0442721109672507	0.668184846420441	0.009418488387376	0.4311720179166	0.355024387466972	0.135459005776093	0.361198303956741	0.303193725272253	0.672028344545293	0.668382682346232	0.656105253923788	0.629221220599285	0.679875410298049	0.701077178310143	0.253785258838778	0.622046969176534	0.58990210505465	0.618655381837265	0.565952359723762	0.679813438434348	0.608705644883168	0.495338509905165	0.677637005096848	0.496642009567828	0.595432463795049	0.630885812127331	0.577688774476153	0.508425524048538	0.448298797880004	0.506276792503405	0.567083334585611	0.481709620758567	0.374995987977675	0.262851859927577	0.507721823194628	0.471048747728229	0.680071592787013	0.529668796496288	0.638337402933033	0.476120292474999	0.602460128697998	0.257631260568976	0.318640084335759	0.355298059018124	0.200967388240751	0.0423764145393513	0.520797666907099	0.053726937497457	0.0605619713008822	0.544167484699174	0.377087812513118	0.0047782549770922	0.534964068273632	0.60611912802125	0.545823678383739	0.68587666353221	0.59301633371571	0.564939529533925	0.267337618384957	0.256067942256292	0.262332798179821	0.020260758593824	0.0041220637171772	0.006778222912893	0.0093060973981609	0.71405171413536	0.643152996724187	0.506905075369072	0.0384612411712999	0.0069031747882035	0.208744739727977	0.018190806944043	0.0666928903927344	0.711602533191265	0.0958864716372	0.477876503189353	0.243497051432723	0.475805983333189	0.407038619688421	0.417673408640937	0.0947024046413161	0.380133476855883	0.0112633624454727	0.53103729013629	0.0327650200170441	0.344078599284631	0.670715547655613	0.0396846648996327	0.0431609876306749	0.0189572256077774	0.0364973112343054	0.0116207320562673	0.0384334440164096	0.0611686894745821	0.740966507800371	0.0862075543711718	0.882534746995435	0.697859996469152	0.113193997634751	0.135203481006243	0.0498806511776142	0.142538472690489	0.150801231788868	0.711089889281284	0.0015111477853027	0.0126687302183403	0.0017532028105501	0.0089801635578068	0.0025478208215295	0.0001088573169411	0.0006854245730016	0.0006001888953742	0.052136221822381	0.0018014302106728	0.53879777457941	0.353058782613491	0.652132200171162	0.0115120193415526	0.0051721766488637	0.55241964711094	0.0144547106668534	0.732918657888522	0.507575015142736	0.522185107858626	0.341787738823897	0.305222789661848	0.349927991327235	0.0350970913224594	0.0157190386798724	0.002196728196603	0.0107379838865185	0.0066909310196567	0.0017144873023945	0.0010161776643838	0.0012509504138442	0.0019491758915892	0.0007100494498198	0.0007727452264428	0.0005598835126394	0.006543458935745	0.0010250338398893	0.001565189921681
0.196076059057198	0.031461160791384	0.579388740617708	0.124016522677883	0.584951634928456	0.0283783403866111	0.0193663835915326	0.0124512065531883	0.0030509368948787	0.0019184818582225	0.0049763580828236	0.0032745186947193	0.004132935623056	0.576799950882297	0.254881347358712	0.141560558436925	0.466758203412615	0.0087189661155263	0.0056179849920892	0.0005662187029627	0.0319159297186806	0.019760942953512	0.159602161677835	0.0121461873641595	0.024304813114635	0.84219654752588	0.0085341602779206	0.357285004093975	0.022321993110996	0.0337473368480302	0.687877924624952	0.6781562439589	0.288681984856062	0.454311329393401	0.0219065552058654	0.0224572316746594	0.0004251591298616	0.512233863706362	0.0365097269241651	0.0562660485423846	0.112913689466708	0.50105942896275	0.0716215379663126	0.255815769228569	0.565943390121408	0.0493107247579314	0.0080482170501574	0.647978944637119	0.632087876963933	0.610440199853982	0.168625989823172	0.680743937269459	0.613394595740597	0.540219637561142	0.513584196521549	0.527663582058621	0.474881180486678	0.660120692377361	0.539981445367311	0.243218866800359	0.523400166529317	0.411158729204566	0.5487293955796	0.508089098642288	0.543045920239267	0.557975513971116	0.18894747311869	0.269478554055402	0.546481825535194	0.0909458146993763	0.0250840885137375	0.0431175767301992	0.431511027008201	0.453080739392058	0.587856336001248	0.341533069820594	0.488797562595258	0.233297815266369	0.546954964416211	0.321603260716821	0.2751553891015	0.109003382423222	0.0071847435150535	0.0045547057016755	0.300423140315988	0.0055153279229356	0.0412414801771232	0.191088177534203	0.11491468254118	1.40139153626555e-05	0.342062510748557	0.503007585875762	0.518222919008363	0.60759175800687	0.464554939845081	0.3994803148515	0.0561918050952596	0.0392813880210601	0.005134125557419	0.010627999458281	0.0002024853215998	0.0099267224171981	0.0005445392981866	0.698373914160947	0.403605815140058	0.202387951155796	0.004075526586153	0.0005012850648379	0.028316482294937	0.0143835826244774	0.137246626733309	0.0281600609145139	0.561327886976555	0.32826658445242	0.561915487438755	0.254081578229566	0.71614119194199	0.568285537626863	0.0075266041154976	0.502499600695777	0.0014813555622989	0.432529009926311	0.114908063721545	0.198478192570087	0.191984673096686	0.240778442721023	0.0287405194135474	0.154276445110605	0.0213278893065935	0.826588082821793	0.031783778502361	0.0352777026056056	0.731246898186809	0.0561605350672464	0.0931976196901835	0.856355235829952	0.0972641433642469	0.110846184569826	0.0447367532168291	0.117486404541488	0.12149928166256	0.0471333719690063	0.0004978824481132	0.0001566016195402	9.62273030919623e-05	0.000886108973031	2.19484170157105e-06	4.82480527801747e-06	4.35170145753033e-05	0.0003476271598427	0.0002234643465821	2.72659259428352e-06	0.507392018090242	0.0124178540252092	0.426170187314415	0.0743767676424575	0.0002870587795811	0.103138913682358	0.0390520046145443	0.0172954894860292	0.484866439242277	0.250206858744214	0.218930925753004	0.058880232908054	0.0992575874158315	0.0016097235940176	0.0016313513336417	0.0023446691193167	0.0008612643878253	6.58663068073517e-05	0.0001683639053281	9.19141499104669e-05	0.0010730278858501	0.0015014493933879	6.31369085524891e-05	8.85887062940308e-05	0.000483867163232	0.0008861998571623	0.0025151075241392	0.0001199725339435
0.019009163905796	0.28621049787515	0.0107012765870979	0.739198178245786	0.0348622312253449	0.0009512322312735	0.0077243985280591	0.0165363874183804	0.0241054476110766	0.0003166515907784	0.0013338990903177	0.0258356645131992	0.642296946686082	0.0022775095270967	0.0029926870142683	0.127222977634069	0.0064650435513115	0.0044406940280021	0.143442620447307	0.0356454944257603	0.004789003267562	0.0263397226472066	0.000702235444188	0.0031753795902204	0.0168496450972671	0.195279976040092	0.0026744836501253	0.0327811616227167	0.0055176082191474	0.0019343057366851	0.0179099553330362	0.798923380092856	0.0014217287624181	0.912868332539847	0.0411041200070013	0.367936224959285	0.54667837081379	0.293942784524484	0.135528120487528	0.549399910713211	0.0887059061176423	0.264725885007578	0.146443141978459	0.0152887546625176	0.107576445134198	0.0666339579935145	0.592425147500583	0.144265013966943	0.0592612773250323	0.0794944397905847	0.0722049575150523	0.177123998830033	0.0261260905010233	0.012410190609011	0.0138655777698178	0.238415183939028	0.337567590962142	0.182193068352204	0.002681932829467	0.0195539497680253	0.019924121238855	0.269117456436581	0.0044073532684111	0.145563920487512	0.0573271732102744	0.539370995175985	0.0421195305358182	0.0128315975285074	0.044303022807606	0.0088091748802876	3.92698037305848e-05	0.0005836072142106	0.0094119899262842	0.010368187967306	0.0471108353852532	0.379827450994754	0.521978622174511	0.014907276693404	0.0262392732389805	0.946392234332059	0.0024686289349898	0.236901990281231	0.0009326963307977	0.0243461046738612	0.293881746968863	0.111232184168329	0.0044951113188061	0.0097958817349729	0.0115612005318351	0.0005096033383623	0.462204120525797	0.0052832095878246	0.0173535956941586	0.184121228046368	0.0212981407368667	0.345108915091353	0.0061933102270365	0.925007174731204	0.884137889331422	0.466108143843139	0.0773714135662781	0.0291371354816323	0.0267501976472364	0.93796503876556	0.873058343651353	0.63183733699965	0.757144949762119	0.0277332854963685	0.028422691370566	0.120661583963095	0.22108924162233	0.703823373731812	0.553825244229285	0.445761632988935	0.912190348845988	0.767925316463098	0.88570677567319	0.731557519802952	0.0029788267572466	0.692176970847314	0.304361588503259	0.0142949937674749	0.497437221036542	0.0291743993884886	0.0282898092208844	0.0009460776070534	0.0254817793633898	0.0181053438358923	0.0269577973147051	0.006556029259722	0.0343616708822494	0.0281570118062502	0.0228740597080487	0.611964053225441	0.0546731427664438	0.099707001049149	0.0786056108049645	0.0872388721093911	0.0538800338875883	0.0718760366305101	0.971007845562845	0.009582996703124	0.0029071109065962	0.0003165753669326	0.000333175528385	0.400303138845733	9.05445955924394e-05	0.0268350051834226	0.0007615856850303	0.0006854262149597	0.0003843354780151	0.0028056545936885	0.762553972799359	0.545021203605301	0.769437792294835	0.0015598392702671	0.659952632576707	0.8859652106767	0.938527790009652	0.929365299624184	0.0276219053074435	0.0491484114961983	0.0011901882441858	0.0270440708034764	0.0097751648102314	0.0164159455890737	0.12648143497741	0.0268952547727659	0.028295470316155	0.111746480878899	0.0325961064379677	0.0138150179405841	0.202844223421299	0.058190268159856	0.091710951267881	0.0242821608257242	0.0008493159413419	0.173449629497876	0.0114474062326452	0.20384046444316
0.314182802874313	0.285374992346279	0.572977439032116	0.489457173174599	0.425615687772857	0.0085219523538757	0.0561488506109026	0.0329790676426985	0.0096609233857986	0.0066990614851456	0.014601971169944	0.0106230073123804	0.0110824263988512	0.281497412363852	0.590083200073771	0.267030588031255	0.0793187223465958	0.0275040025706665	0.0160047025101712	0.0017328280920151	0.0034167973590131	0.0571443811081183	0.0468025645948863	0.0260556591362543	0.0062261230293028	0.604028232053749	0.0195344869754199	0.13779665686145	0.0451889284467503	0.0842021474094557	0.595898326857539	0.422416989267216	0.272413130272015	0.59090427427466	0.0576355869142052	0.058051818428653	0.0132290682633411	0.608573039304312	0.0115988763970275	0.428684236224067	0.0017017481196791	0.308900186528668	0.0240152080524461	0.0477366399839714	0.22166156867843	0.119832474021636	0.661286418382668	0.0802507142233588	0.644329524132569	0.117125751463281	0.666604861490041	0.688691133802307	0.636747511153177	0.590729939044284	0.561616332355001	0.583591412879481	0.531681284665037	0.667976300728062	0.509962232500535	0.530106272035547	0.620296595953889	0.522732330965255	0.529788456957381	0.583168604269095	0.501793725135424	0.547935523252227	0.3240101468042	0.554107820847198	0.506472070235571	0.200321153224925	0.0810968972006411	0.124016715982289	0.531865923811564	0.360892460860788	0.44681288318663	0.450970132204272	0.579226358112332	0.362288427091358	0.537602258895129	0.436107820805757	0.18742237058773	0.573051314036006	0.0054408245622185	0.0151208455259776	0.551830157987945	0.0187890534546998	0.020707471967641	0.327150216690972	0.431745948198997	0.0006689076927238	0.467732654244882	0.566793586938464	0.450940585960987	0.654548828489033	0.528504986158054	0.535860466410086	0.137224164743497	0.0169979685398935	0.0909982315882788	0.0280938348910954	0.000596210067859	0.0010469005097765	0.0328970244760085	0.451555510288965	0.228791184649896	0.620452975141595	0.34114906124177	0.0128976945484892	0.0092993567223876	0.145299323068857	0.270107022519117	0.511245954550093	0.212209271966012	0.588994517960245	0.118537268763581	0.379149530432945	0.707833620191977	0.7091166262654	0.152530264226454	0.26920627479357	0.0031309699776327	0.100123954630136	0.363632250325635	0.269627614414263	0.312812905900724	0.224744791679797	0.0337346285252597	0.0123746835928797	0.025743812161623	0.0057643919728838	0.0340042557024357	0.0439873805562074	0.260566767079676	0.794136426566352	0.104391448920659	0.886339679699835	0.104135777365073	0.121114829314414	0.046045427185005	0.129617963451344	0.135514411531606	0.0216019177705889	0.0040057876986297	0.0066458467415011	0.0002717011708118	0.0089923690824747	0.0031698061706258	0.0003092178863566	0.0009635937249924	9.81697857167187e-05	0.0006073142674275	0.0065365513962813	0.133289462350149	0.168085528554454	0.569459568588998	0.0189785491930708	0.0064473817248886	0.219421352793853	0.0189857021612452	0.215290239183245	0.582473801170416	0.520292361699636	0.178651550828798	0.14809321346101	0.207280933577173	0.0061939724011339	0.0038914552501251	0.000323272282069	0.0022200973620713	0.0001561732640669	0.000363467857609	0.0001953674122657	0.0002571055467032	0.0003854974552378	0.000132260594458	0.0001673394422094	0.00099341365637	0.0018162108877947	0.0002289124902153	0.0002881433051749
0.560387047981248	0.641404160870628	0.539764217555367	0.61271848375004	0.329342211116306	0.0520729341756927	0.26648404674319	0.161573032780031	0.0676819610717614	0.0583207810930801	0.0854061234466406	0.0751572617579594	0.444126110970558	0.598353655086221	0.532681574134877	0.559003829520558	0.343066662333578	0.179945873943208	0.0828395595259803	0.0097300988429542	0.0242100478558497	0.281069904444864	0.055965407987509	0.0989411350520401	0.0328308523557694	0.450826274991692	0.0791016112346035	0.644709677551847	0.147232615584823	0.332255072677211	0.589150327429777	0.409761842629109	0.658993029192017	0.684302460451077	0.265764932258536	0.261441512835034	0.0077790507314939	0.584078422104265	0.339235137317116	0.407045750263034	0.008894894219205	0.576117487330748	0.472812346481614	0.557819855077961	0.513870810010714	0.101400624564175	0.677191009397979	0.673256006473023	0.66432657908051	0.635457936388223	0.686269610409726	0.703774289109017	0.669940060394557	0.17536428866711	0.622515022350971	0.660187115183068	0.613784824706943	0.68276230710647	0.668380487316514	0.593461615416122	0.302145838296242	0.666704882160975	0.657306543264209	0.682801437646041	0.380296174287955	0.636641700958019	0.492172940793988	0.452372175068497	0.320493962742341	0.528657200966047	0.412300539489877	0.482422835697035	0.345826382555385	0.59763875053009	0.716701461705383	0.616931550325339	0.69848652744438	0.591595927540575	0.673054644591285	0.422365698949933	0.515883784825148	0.547969273776502	0.0833335213002329	0.572488431309692	0.652864407288534	0.176476579742381	0.174949005703845	0.566344516843922	0.564770364321406	0.0026721596593595	0.565267199743196	0.658296441380441	0.640575981452638	0.723074437327754	0.662712479207281	0.645724692898507	0.561775133591634	0.339313566459452	0.340464923620733	0.0230601926454225	0.0026091243543036	0.0047892845908201	0.0075309566726117	0.679853356872719	0.539024219399787	0.387894768271501	0.0540338818829714	0.0495100537877275	0.572498621132942	0.0216026379332264	0.441083323947798	0.719106135422767	0.148316234923573	0.628507966990988	0.401654112609658	0.613903539487763	0.704199540178867	0.57958740565749	0.496051283355915	0.54754699119779	0.0092870585083924	0.636572761125493	0.0375518737043355	0.446619662892161	0.579648674858712	0.409652109216542	0.0449924773246787	0.015029467539575	0.884981006564535	0.0095774399686264	0.0373614902672596	0.0656693943184212	0.113192552776846	0.098393336926462	0.139342277263021	0.892910242877642	0.12151624512862	0.145929128403838	0.0461586309897234	0.166461883628895	0.178680531454644	0.157920083361555	0.0008820082734224	0.0001029174643082	0.0066577129852	0.0044499007854808	0.0006610453508772	0.000623317894929	0.0002367711770603	0.0002131634216242	0.0003006229536731	0.0008015661077042	0.441601544015389	0.161737186030775	0.671610038522919	0.0674271377988883	0.0037822469348709	0.282381479266518	0.016091373337615	0.2133153886986	0.714043750648759	0.644903537730119	0.499931975855188	0.465628507755498	0.499094007352858	0.0564647458380171	0.0154859877281599	0.0012279615430455	0.0094248483990332	0.0003658996324335	0.0075449320196803	0.000370392697847	0.0005269238947723	0.0009886753256191	0.0002300545671493	0.0002369310718229	0.0001904878208216	0.0049561850478827	0.0004348156444256	0.0008305300765205
0.0440634209117472	0.415976194137096	0.628592893577754	0.0879335396661525	0.179078704378461	0.923977739437904	0.559150909497644	0.119661121122144	0.013208472869048	0.157091760614337	0.203162124099822	0.143866306519149	0.0293467569586758	0.365899478611115	0.0408627459589873	0.236057231884718	0.130193162476697	0.40758572011356	0.100217414134737	0.397608808624756	0.0367064159922649	0.17073377291844	0.0125931265659322	0.0058022973828909	0.0026744999488401	0.0119688036889153	0.527336040945423	0.206280683554386	0.0099600353451098	0.174621310718709	0.188865904469117	0.510212765684219	0.256755174879227	0.498012083489897	0.0836706833838101	0.0970033401655179	0.0020892212130545	0.332849489962597	0.132952141490507	0.0350976851998469	0.001638533798715	0.40965013241295	0.0273482435486803	0.0859372363108071	0.199058016199603	0.305802223190175	0.466573739879684	0.250449796869525	0.128658182553861	0.162129833214062	0.15821998830242	0.540799624290082	0.287514850303718	0.169895786040887	0.480568755816982	0.152862666660492	0.0315952778277361	0.307562291096783	0.541509355375447	0.493065449879388	0.415189694314418	0.205590933595987	0.563112329286744	0.289914835828299	0.38506188166723	0.722532809342508	0.871192367517329	0.416786380944123	0.110602642146028	0.896437353871434	0.683663865059249	0.0583816255637788	0.922619378265839	0.410366428041995	0.332789694499013	0.921097845007618	0.830147354328671	0.0433285737806435	0.261074200437531	0.363133857485493	0.133107974763923	0.688052856329736	0.110944595335029	0.0529009372162719	0.476224597518436	0.195056261364832	0.221172561166128	0.566633448629785	0.264373288224384	0.0046926865111196	0.171162831201153	0.367120606332516	0.469552608359189	0.337648060309805	0.227510477272413	0.532317790202396	0.802763298586335	0.114062386239435	0.116294624317051	0.0477150901675403	0.0738511433492687	0.11208390062003	0.0990826205548466	0.305866121557848	0.149367120175003	0.0840470669836622	0.336800532660547	0.206976802900979	0.356914100123988	0.318790992612919	0.0240327257231254	0.213114960860188	0.320604851485741	0.125097367961339	0.229020845417513	0.314578392374072	0.486487525523322	0.343922184859917	0.152708762045317	0.365341587298057	0.0536528339164657	0.302954720777285	0.15225656231818	0.718729910369391	0.21231601331915	0.119384651467882	0.778833600004248	0.0206335807749187	0.0306772385252072	0.0951495421856831	0.0359399727547742	0.818277009296815	0.699712274171647	0.5610035867234	0.0603766183868241	0.631138936436162	0.0831417996343878	0.0938690539632145	0.054887448108432	0.0787084085603326	0.0766011435101573	0.252790527827559	0.275326685803291	0.0050953743272363	0.329610980407284	0.11861940246814	0.0953485946433995	0.0731528543867845	0.0428234138263442	0.0320607657707795	0.0054900004481243	0.0044638365281814	0.146099821923447	0.129809182077893	0.229734481106764	0.0737597087411326	0.013439314856852	0.0237125338967018	0.209182173055307	0.146278488031231	0.456214462740811	0.283551937548397	0.0846204476796292	0.432661147241214	0.285930654026154	0.0364729774849716	0.0733026102766871	0.0241583948958032	0.0490803137464275	0.0326497996920642	0.140898883557525	0.0020817483277326	0.136910360474553	0.0017792999354974	0.0017821879874848	0.151264422837982	0.0657771864844195	0.0031431077751207	0.143464225225088	0.049432611114768
0.299241966939947	0.0661136994570088	0.443781660791177	0.602327056731653	0.55829378620763	0.0067942638482939	0.0474643875425471	0.165631967785669	0.0077319818279114	0.0307969101128479	0.0118148932236718	0.0084511217718566	0.0090481930912875	0.26384937663932	0.53774659518639	0.481129261918613	0.0684041349585322	0.0226530251375404	0.0018725072844119	0.0013399725076375	0.0026922731483876	0.20309214794776	0.0383447467511572	0.185775851435755	0.0501681802543397	0.220032088719784	0.155668106881795	0.125274590273553	0.0397747331856563	0.0729734707093263	0.587225252423718	0.118871256993495	0.246019408225155	0.44437453327782	0.0493298652167297	0.0495186316271281	0.0100878848226293	0.312157733046602	0.187890369446928	0.114667295274621	0.0013276514843347	0.291730053082509	0.140874069189294	0.216102252051931	0.203794078941181	0.0136928205560834	0.660108173056806	0.655579402195272	0.643031586262367	0.618874117107929	0.665143266846999	0.687331224548335	0.634702067451919	0.586300915765126	0.557528594414337	0.578717826536199	0.526852463237746	0.666682293629589	0.550071623193431	0.360841789758568	0.507237106177798	0.510980655939506	0.523363078345203	0.576224219921421	0.490146323122629	0.551402791556366	0.305796434876699	0.551634233029129	0.529417702298715	0.184163824618243	0.213071668368077	0.109196610478302	0.473834758947681	0.345018511448144	0.637666196248648	0.439181390422634	0.570551944527765	0.345651442028905	0.539745340629262	0.152253198431169	0.171466763278662	0.406156958218374	0.0043723797505401	0.0128383161492949	0.549048523753974	0.0159431021558794	0.0174384901843411	0.311986681677812	0.220612108658512	6.34450873574804e-05	0.235659992101997	0.561288053465972	0.436679224107776	0.650552741844953	0.538023139890743	0.48951299910288	0.121891823950863	0.0804491547018678	0.0762491964493192	0.0227207477158968	0.0097249980793584	0.0008007618849398	0.0012141413978747	0.689192202630833	0.533643520475921	0.0987221931696431	0.0086658945112302	0.0509733051143609	0.133801465582032	0.0033461716239493	0.120663882538752	0.0607320060630997	0.484228415537597	0.30217822380117	0.105435390401348	0.662941889615916	0.715091508050347	0.290692478354282	0.0213189353201362	0.604831217152027	0.646758833515703	0.0885681061742237	0.326774371638455	0.659920349841563	0.688418786680262	0.0086900225009409	0.0325990229589305	0.0116520680301315	0.0245099098050604	0.0052216374646498	0.0334219284618219	0.0420087756175944	0.247259122457896	0.0653009069320266	0.102874950268093	0.559728927180716	0.10297463010363	0.119286559288467	0.045530491650076	0.128014546881052	0.133656447984222	0.104189192849967	0.0001621698329846	3.39236556117142e-05	0.0013359141876935	0.000185920188906	2.5645289215644e-05	0.0002301347352399	0.00578009294711	7.5818525340814e-05	0.0004563126113363	5.13308156034328e-06	0.353593104954731	0.286325523172886	0.656938833718495	0.0405411356336522	0.0050197005065342	0.0487475036878447	0.0019661967603086	0.0376469148811616	0.436079344574298	0.377254123063871	0.159436614915375	0.130483603073873	0.189026047395422	0.0047497420543428	0.0031856189805395	0.0002461492290226	0.0017722411508302	0.0001207812645156	0.000291555828402	0.0001544534507686	0.0044719875334036	0.0003059909588283	0.0158852490606574	0.0001345757571647	8.24378617721572e-05	0.0015135993699047	0.0110046674244859	0.0002265151626811
0.0997006671542656	0.294468513387511	0.144553566279341	0.0713402623868056	0.324756378239645	0.0077651591479003	0.0216013930758848	0.0183346526027663	0.0459442928553788	0.0042218740851109	0.0117558903430742	0.0078871255995414	0.0106574504834047	0.0890190320250488	0.137178980318615	0.0919842821862014	0.115634151096721	0.0116099514112665	0.0027374635357374	0.0029007739359121	0.0033156326665889	0.019521606901469	0.0063669313572698	0.0183317310437162	0.0069185607726482	0.0982496482440691	0.0153133670617607	0.0534818305070524	0.0313861947727358	0.0341823828700402	0.0958646014743704	0.044310111595677	0.026365618420427	0.5651658336319	0.0237372906867255	0.0275057738927801	0.0033601302533402	0.102321095436927	0.0690492149980597	0.0435742190858424	0.0029240284162617	0.09555768902242	0.233856929316028	0.0228832012206186	0.0719992009243603	0.191153037950514	0.612914283581667	0.61645716239498	0.571235268048136	0.456553841401954	0.607375485149042	0.663772834314388	0.512487937105421	0.397588699764855	0.37836671728105	0.372880359503937	0.326919853003217	0.641496130147605	0.2925232399018	0.378679543119042	0.555010953518762	0.254837973288619	0.28222821952943	0.49728312779417	0.213387702704685	0.227018884889536	0.101647635034096	0.153404307223973	0.279071812050654	0.0333276980133273	0.011100129648262	0.0181981718770109	0.207667322946214	0.121907454278673	0.430539913446856	0.452766562751465	0.306503863234727	0.134359456439113	0.272554176477783	0.0382965965837887	0.0357506360479351	0.0440096358916818	0.0009542378391449	0.0025226451502712	0.117937985684647	0.0026840492492088	0.003325038826398	0.0566177151931316	0.154548246780369	3.41308688586703e-05	0.0580927730050763	0.334403084227424	0.188404622246464	0.441603525477247	0.26274065624323	0.227352158419501	0.0414489405437529	0.163619092125442	0.0741829052734011	0.0052972713863359	0.0017557984961601	0.0026394597867273	0.0032564100644719	0.437749003735362	0.738058576292857	0.0417852864021585	0.0091046154904744	0.0629656740760747	0.0584209872002271	0.0048542423854564	0.187320843412973	0.142009005305018	0.0234082503068749	0.240531787029935	0.0401178311739167	0.42258028902094	0.682061883517682	0.35376924764539	0.330214786430375	0.0733818394680395	0.005583718998273	0.020975364945479	0.0102583668995549	0.148668058642568	0.100233607458752	0.0466989404077413	0.0339394823924271	0.0183578916279745	0.0316587446483283	0.0087716825210359	0.0363640894371703	0.0433342752481855	0.228395722231043	0.0600358522668505	0.0842235715409434	0.644000375005051	0.0966263133309564	0.111997231875667	0.0516301733259202	0.106914762293626	0.109195934743165	0.0078748810413483	0.0007160377384275	0.0590751009077085	0.0048829543905808	0.0008656915766406	7.65424902718051e-05	0.0029686308207268	0.0006532086841455	0.0005792912203722	0.0004981252042996	0.00097639905806	0.193693741635708	0.0176763067388336	0.0776828786290359	0.004527085473518	0.0156029778613114	0.116526868911959	0.0035082926831544	0.0225058326376926	0.309731451701345	0.139556956398179	0.0582448170397961	0.0455508310616163	0.0647075219684171	0.0048308794745432	0.0056901938047803	0.0011054714821058	0.0039287173556541	0.0063423450266504	0.0013249245335529	0.0010586220272772	0.0011418066308869	0.0013794267364644	0.0008234413399111	0.0010836146607755	0.0006232338035172	0.003609513677463	0.0782011969913773	0.0009993511651426
0.015040516078217	0.0018619890772723	0.017478083169778	0.147781358764328	0.105589609720177	0.798011861344997	0.407246757217028	0.0240992714354489	0.984760348431073	0.0044793867278524	0.512846693373285	0.110225231356311	0.0331663828818046	0.250705259176313	0.0385782150317178	0.0011483172181506	7.40686415728889e-05	0.125484946724154	0.0002143899775896	0.547573475158098	0.830958983174532	0.0056724856033805	0.0125763892414671	0.260081755849949	0.754012000072607	0.0003571227278431	0.0008161665596693	0.290028204636743	0.0311360472757853	0.0026201636855884	0.452076419320409	0.414089704885264	0.0074887717957978	0.975784470985692	0.0217068529045662	0.0272969855430723	0.444778303380272	0.0717467773803269	0.0148583117850039	0.0021227861209637	0.197855973761743	0.106327500399393	0.0323178906563946	0.0036125779537191	0.0531450687727032	0.143661225381212	0.0081315130260018	0.0180670484538517	0.361233110880992	0.002676012479028	0.0001085923760353	0.0331727997349853	0.398142576011118	0.007071483256945	0.0103349467515881	0.0045620438585667	0.962967620215865	0.014221823838948	0.0050435803615143	0.0269660887098577	0.0011661134822806	0.0465970734459333	0.0743601993994965	0.0805241053750986	0.0034531681346433	0.991931649589963	0.783686780849236	0.691072870563199	0.0352760713205851	0.002884251055964	0.0016467736203355	8.87201463648658e-07	0.0048780899486808	0.30256027168965	0.0001920014157985	0.0035053769720641	0.102027826630559	0.162237218970996	0.0759621640481982	0.596159887144194	0.0359020531558997	0.0082758043074896	0.0195543224708704	0.0143352169295271	0.0935176844001688	0.0318478886826297	0.0001705768321411	0.0025490032749381	0.0224092798029659	0.875204184816259	0.0269150695553092	0.570985698595954	0.0020785292965971	0.0363997199763308	0.0087677725863617	0.0018339821195831	0.12271862248697	0.50854759333691	0.116634039777911	0.0049537346982478	0.0494519778402191	0.114391727353676	0.006703738133501	0.0809673506657481	0.405518614478144	0.0088318110791678	0.0004463072272597	0.257761281443178	0.156319813008962	0.115127377032522	0.0096888853248568	0.0577715773159784	0.502452887606421	0.0098930429747353	0.116650134239017	0.518767761378904	0.991553129939227	0.453662178813488	0.0179537444006209	0.0549478137777294	0.877551612545944	0.0101878625872159	0.196870410442608	0.915308273930653	0.0641677133623573	0.0077314107133503	0.0211050376647463	0.0186476623283515	0.024381482423936	0.0058411776125768	0.0336505681961843	0.0201732973896834	0.998419959930966	0.0258865919089549	0.0378225814710661	0.634517673939216	0.0661267202705636	0.0713988170874805	0.0554132462725741	0.0499848323734646	0.974424939295491	0.0168524116940607	0.0042649779119133	0.452299275633221	0.374923577040536	0.104594980061386	0.0001831215680097	0.0004362687320933	0.0208691501609603	0.0589671623872312	0.326626098340402	0.0007717018818759	0.0272458041743303	0.0003894086868925	0.0880973839520073	0.0772723826118568	0.0244264727487482	0.126506473118875	0.0326191455788428	0.0791817016513287	0.210486032278154	0.0027058823554125	0.0278742117918003	0.0004333582177962	0.0041513471926006	0.0084889707454204	0.0624351300550912	0.0645249297613854	0.0769443909966172	0.0924640947930601	0.103877484352887	0.0955621973629886	0.136178191176882	0.515836313182227	0.411257419727896	0.0646628847156147	0.0604417651417777	0.215177995067622	0.408811333025983	0.000764314065216
0.0877068994857398	0.457103502508702	0.0157581236849856	0.0162010537181126	0.0153272347271371	0.0010911150107391	0.001026596482847	0.0740700512453044	0.0007768015310145	0.0029726317138618	0.0015485264576968	0.0072371519099862	0.0019669007604902	0.0220518339584471	0.174759140680095	0.00343490937136	0.0011718651953733	0.0006844387810794	0.0047144132186365	0.0007597864362407	0.0005201277919649	0.252343754537629	0.199807139308506	0.0036066342931306	0.0014081490005277	0.0070743784315694	0.131126859209042	0.040887622419536	0.0873847471277574	0.0190123391497097	0.065607185831248	0.0028360609638489	0.0425258220344452	0.208504492428634	0.0492570860371145	0.0211340471875305	0.0009792676724434	0.0725078863236354	0.001175333895451	0.0023443189921911	0.0008433109185895	0.0288335849792753	0.0940391046149843	0.0181331375065328	0.40500673346767	0.0012389138371104	0.423416637871109	0.210809798809183	0.347423466249924	0.124467259116593	0.117868839724506	0.260076125388587	0.0440367364445285	0.115162346208028	0.393466029703769	0.10186222619087	0.0195652952847953	0.519566990317595	0.432595122828657	0.0280774505148137	0.116315755817088	0.130008278693659	0.189609504799008	0.0526973230533092	0.0883460053571621	0.338052606374067	0.0014333978062481	0.580935851554511	0.0656541564108162	0.0021001329225972	0.0006252578953947	0.0279395903834509	0.0156598904063877	0.0852992655043196	0.0762556330881458	0.745033190770261	0.790068669642902	0.119074127273859	0.456992363934184	0.0655420409126136	0.0036968158544553	0.0224887501630591	0.0001994614341512	5.57601425221641e-05	0.0087484371319257	0.0453941170377263	0.0007581426855819	0.01548663620547	0.0608014884561691	0.0001122272600491	0.102099542982082	0.27631081311979	0.122486519202114	0.774107805771811	0.156336427554301	0.428134975372733	0.0089946530735932	0.0353341882731895	0.0015458224758436	0.0271478147829308	0.0064039923882561	0.0009500551046408	0.0010307863441562	0.119840125124833	0.0996022497974448	0.0521747145355862	0.0539526889362859	0.0280851337891304	0.0971628424059701	0.0295289874003999	0.101178874125223	0.0612498760949897	0.0889280966852092	0.0100814464040635	0.218890870046808	0.159473985427537	0.267643775026587	0.0028835519893566	0.0037676042831296	0.577536148823752	0.715441667865487	0.019389246005811	0.508522437720724	0.0340611708680736	0.226050051082217	0.162961300384795	0.0259515293404276	0.0178661241022766	0.0270501723779845	0.0065664574164181	0.0343841233959022	0.0290190699341222	0.512263397418303	0.0390920925417128	0.0568222754864203	0.0525233821483391	0.0799874938921694	0.0890382178821286	0.0535434723492768	0.763271763895327	0.0720064594418056	0.0457732905505584	0.0003533850751563	0.0177673537219181	0.0070496141757445	0.000669674046903	0.0015458741461272	0.0048909736422204	0.0250464440475416	0.0006285858367768	0.0003634313940816	0.0081050471526615	0.1542790581805	0.0021402599985328	0.0582328685901322	0.0016253030653883	0.0007552388745817	0.0020392137359211	0.0007367996528087	0.0481784696382911	0.0426437570911537	0.0030628013336627	0.0105991245809219	0.0012033395961964	0.0134199396775161	0.0036040084338328	0.0018541389868446	0.0005573921171006	0.0013044404044306	0.007021134142138	0.0010767785254849	0.0012144286931932	0.0011221212478821	0.0277267896195795	0.0010303575099224	0.394916267132312	0.000773993768765	0.0450315258245201	0.0251287081868045	0.0154119507563601
0.357784090437668	0.0200794795878508	0.498362730819403	0.0647175973293241	0.608362841146031	0.0037154955148509	0.0869335670584977	0.0113683151205154	0.0251423090542881	0.0020984343451804	0.041501511765297	0.212446739044391	0.0054857777122313	0.612414203765669	0.137474588380984	0.261811728267205	0.22140986068361	0.124965274340893	0.0326764090335252	0.0011330127919635	0.0015244797321382	0.0759892659457369	0.0206298938963366	0.012197737793247	0.0032969145607648	0.423524007361639	0.0094083736195056	0.0441901892553886	0.0217572184390157	0.287454374669178	0.519584335473527	0.613585104395619	0.388630957938731	0.399816947699032	0.262433237950096	0.0182320839153253	0.0011014248629643	0.547690312657661	0.0046096661267187	0.034428617698714	0.0113085000942631	0.699506516655317	0.0678879027751135	0.225958381931642	0.27804357166677	0.127058304074216	0.627201304937011	0.308540418215154	0.593365525975887	0.580693617136251	0.624145071639725	0.184645631346082	0.100782717982812	0.564765455945294	0.601080814939281	0.40256355202885	0.589330586597805	0.64751329848132	0.31940187778824	0.36895637565062	0.364210874943743	0.261753931427816	0.295007459627888	0.363079499178196	0.226823719606039	0.245088689393853	0.0957572254648575	0.149730421301777	0.508782356679756	0.0332715689972219	0.0469716254200139	0.0157460659615901	0.444936370414077	0.122365014148619	0.46163003974776	0.206389539310283	0.517820659611004	0.129781571556986	0.290911529069867	0.199120170588104	0.15074221870136	0.0438778921190116	0.0038326117777157	0.0020197929460861	0.355779035457839	0.0150512578890076	0.0025853245416925	0.221138683775812	0.159136649011663	0.0006276770335908	0.205720505324001	0.366163258192132	0.191128611723232	0.544410239045446	0.299927322896966	0.467473388090048	0.0312795635048471	0.104417213993144	0.0421285008152385	0.0449500259528298	0.0044705264197439	0.0009138025726558	0.027249599836139	0.699571599046519	0.268011329293518	0.147754240773488	0.217416267319675	0.0010494712192431	0.289714724452556	0.0023403933317441	0.374566766592977	0.118338389411098	0.110708852224828	0.646762639191947	0.18708711026067	0.44325597460394	0.686081998057871	0.0860883976906018	0.0054388267341246	0.69661514017986	0.0027298602968107	0.123852261312867	0.0052886458284473	0.70515358914615	0.742219170190869	0.0043316756957535	0.609378527107043	0.0138967588160848	0.0258356426616712	0.0058229126606698	0.0338958944961077	0.861579855459157	0.127804329302253	0.7460778643235	0.0838858125773551	0.29542190254646	0.0945608917810027	0.108176804571688	0.0485862068324508	0.870070363136924	0.108979589348344	0.0350354165088529	0.0002257148517766	7.79334974765044e-05	0.0017239755150042	0.0126033996661207	7.8566695960961e-05	2.83493733723377e-05	0.0001878569405994	0.0001733389780855	0.0700174027717929	2.16662139879305e-05	0.539330279616232	0.0721111769472994	0.288872471397776	0.0018533237806934	0.0007133363662544	0.0838776690702174	0.0114853927092651	0.0908795406546804	0.327644604935442	0.134985347416405	0.0448392283034727	0.034003594773756	0.208352200482271	0.002091819024851	0.154804410063833	0.0070994116903329	0.0927431290598764	0.0107592415942114	0.0004945624759743	0.0003479308469443	0.0004033022384879	0.0005008867468425	0.000258954071118	0.0003617810667772	0.0001976890178398	0.0347129724032823	0.0003640252214433	0.0003530741339451
0.216986618549246	0.672931841995825	0.575089317208389	0.161096914071173	0.613247083150755	0.0100053487259627	0.458705966406566	0.768815900206411	0.0629300787150567	0.0379001841127813	0.0937272701298315	0.011373932607113	0.0130772786056436	0.668234456277917	0.481014797935324	0.424945165324404	0.0563182645572421	0.261534130849752	0.0208438903867142	0.0224007942919151	0.388441390289331	0.180406122270125	0.0088116920918505	0.411920721399251	0.0751697260834528	0.176100593237379	0.709223844908775	0.757681174898915	0.572842166577307	0.0646432858983435	0.219345542639474	0.0916924514201655	0.227719026739212	0.773940298774493	0.0447495060448513	0.247690805060411	0.0250100900922706	0.535660928334417	0.0928296773492033	0.547030040289098	0.0245312606987644	0.649425389328381	0.149605602506606	0.212219620896374	0.153014361101416	0.115250366115031	0.65147175850232	0.648697301605823	0.628259117338948	0.607655780445598	0.654428371197344	0.684820191337118	0.60581147702864	0.534931598320144	0.562848094347917	0.519886049257345	0.465308968327763	0.663504771879769	0.5383451662264	0.29200041689294	0.524181102846079	0.431214892150862	0.546000825057279	0.527233854755639	0.542201989120525	0.405998857563495	0.631935055526243	0.640068619914123	0.596986405033424	0.296067648758816	0.1465445014251	0.203283326933727	0.570512564809824	0.465931012127361	0.520714251193479	0.629296309235619	0.491491428467102	0.628417452323345	0.544785126780413	0.795742136122513	0.107853355837816	0.130848721055663	0.0539532305688257	0.95997527153862	0.652683650013163	0.335443736212323	0.0654475408899775	0.386949325035855	0.501280712235471	0.0005689159544401	0.375304849395111	0.493106811050836	0.523363497284704	0.209617229740513	0.51987239728953	0.591839773875258	0.658319207732564	0.207141984126957	0.538442056278358	0.0935269955923808	0.0012728810325229	0.050281994417287	0.0027878807934186	0.342096405221406	0.723414118671251	0.457658453780888	0.570353443672639	0.002250476950492	0.0750141695618434	0.0054108869255717	0.254426222128473	0.254422689429942	0.496052081708836	0.392316825494129	0.528981801363336	0.706183709067065	0.730296801639864	0.670917412545112	0.0195784506273783	0.705546136252057	0.132975167345171	0.284228896796428	0.117938925112555	0.218406451725098	0.539710925846739	0.0108968832418113	0.680418933996508	0.712522470009604	0.0296827147536974	0.0076822203166326	0.0356458210707015	0.0456016427689743	0.209341656036109	0.066010714918808	0.0958738447248045	0.788744380931662	0.101668744398964	0.118505755985347	0.0491000780137128	0.902850157632522	0.966351920163284	0.328748230221472	0.0030879417082738	0.0001323420158273	0.0005602755015516	0.019964648675553	0.0004409290317099	0.0011623297617347	0.0003157922973181	0.0002851502916161	0.0002676101989306	0.0003027746228092	0.475547115025922	0.294248987845522	0.702284386246126	0.0038944413268919	0.0694056151186893	0.446373247379834	0.216910394007789	0.657278129272742	0.524889534826088	0.573951929643848	0.485854364792116	0.273304670788281	0.715841247314266	0.038254909189943	0.045694323618328	0.005359050832117	0.0605834134497636	0.0004307651206239	0.0008144316286646	0.0122423912424486	0.0006346750992578	0.0008647984238128	0.0038796541839466	0.0053314055406025	0.0028324709932353	0.0239002527102341	0.0005510181708161	0.0046943747684316
0.0697078124704806	0.0039987448057461	0.0477825797668361	0.0071376928411223	0.0475648552785611	0.025452460997118	0.306324518863402	0.0368594721484668	0.0497690128505093	0.15759869019026	0.0853796477957813	0.0534066473786794	0.0036675208060658	0.441255426522966	0.168952246966579	0.010402639587193	0.298227393347771	0.119554282416891	0.0009787125994539	0.0542241250941011	0.091118963679054	0.404334227648741	0.0478587771869712	0.349046803493842	0.0025776249462237	0.154474654553235	0.192421250452242	0.086346138365474	0.0110226694137854	0.107754518455194	0.37780853919761	0.45197122499233	0.0043586739211673	0.938686212260895	0.193027662894908	0.0434018434978926	0.059581058594018	0.0684785918050998	0.456072980077237	0.722671344470563	0.0148488196766152	0.388008815847924	0.0032730663789281	0.0368225645705517	0.0629183514043521	0.0656639747807113	0.5528628133481	0.384418474334225	0.512675161461384	0.280431916981749	0.288518830418783	0.457842368916067	0.140412671569269	0.0699542321515135	0.32013686671724	0.058415773081727	0.0599889083671609	0.443880724856445	0.36467426697968	0.275799662914123	0.884105010536383	0.301498606629947	0.146888705884694	0.85710050194597	0.250426814138785	0.991151407525789	0.173871722895545	0.0709493001206457	0.176830074890253	0.047436629404931	0.015499969410778	0.0891992202109992	0.201554868837085	0.0086103848385669	0.0613940008868234	0.114502975215596	0.565663732791662	0.588443162529869	0.0263750442611563	0.752047806333664	0.0135360862754423	0.014612086454351	0.0114552303739698	0.0001826876757413	0.133387238126481	0.0082059789716289	0.256579457073896	0.413716265998249	0.891837175481471	0.944906912687988	0.483656316294013	0.215943822130426	0.565241687527818	0.469786099931204	0.635436825907909	0.334793279241684	0.536261244981806	0.355367757285564	0.190027765154886	0.016210243494682	0.0270010586637874	0.457167926371428	0.141909368830693	0.468644119237936	0.364473569122174	0.0413947125510314	0.0341406902587364	0.0014525796609935	0.0209893129595901	0.0857580402419656	0.657588282827798	0.123101349973314	0.059414187426775	0.291316855710027	0.44107917390426	0.408615282479548	0.349305263423624	0.344629639591847	0.17535482291613	0.80709436384207	0.0037064183799194	0.512380753057849	0.004444680769925	0.054916725981696	0.0132995343729033	0.0153703952960455	0.028632372136653	0.0189069580448452	0.0293658356451091	0.223763481308799	0.0353690307519701	0.0335671657247997	0.518889969393115	0.0451373534532534	0.0639923779096344	0.625294921611943	0.0849643345502373	0.096003330951715	0.0535710890505117	0.0832110466395663	0.0818488691630918	0.0926943909658902	0.0502605560219925	0.0351454030357378	0.0036330104325395	0.0008565705108089	0.0176400305775932	0.0052578059991626	0.0008421401990791	0.020591106427315	0.0923397654064661	0.0078758788029814	0.273061300487703	0.140658106971789	0.721872884925769	0.0624009249611503	0.0306260026895216	0.0046875772434225	0.0013569850645364	0.248732383629768	0.128625999337681	0.166574844207438	0.0296739708932991	0.0234947553793245	0.140994018801246	0.124733672163939	0.11644582387545	0.0008263295498523	0.0020900543537759	0.0726633745859403	0.105922447738491	0.0133757422455842	0.0013438219832393	0.0123223591940068	0.031544451915986	0.230524987236111	0.0232233583623956	0.056140705539268	0.0012035319042576	0.0008982370849421
0.577987870235996	0.0095339555451137	0.332190858212824	0.121275974909141	0.168763371624124	0.0292863125784408	0.0471915931942692	0.0068644820646598	0.0177328965448531	0.0013022619878432	0.0042717677241789	0.0026103478914253	0.031202342880068	0.321502486524428	0.186394999870531	0.14142832666257	0.603334710234265	0.0229144236262883	0.0010061726843666	0.0102359410374812	0.0011753062248019	0.0389999664331661	0.0559677634971117	0.0897432660564128	0.0306870153917425	0.0450222660992941	0.0069766694105133	0.0216737960220437	0.0155178800852083	0.0788172039693424	0.342520652597953	0.492653427240032	0.150792028932763	0.0154115707044062	0.0670028017283056	0.0738325608150292	0.0012270518482186	0.0388616739070375	0.0294256971055461	0.102890137601466	0.0011708046542248	0.193165988180315	0.0448349275290473	0.152067288555739	0.300286885389003	0.0038492433235251	0.561832284295994	0.576377207416701	0.500919293660074	0.507855169297195	0.544660740153801	0.632092515633899	0.40051556784718	0.253208185909472	0.244497929957248	0.230196801700013	0.204483107758036	0.609364172399644	0.369966763760137	0.221116202540724	0.168779938076725	0.311005845741717	0.368904973856759	0.396456399764362	0.0854081108268622	0.575890350553735	0.150370796876218	0.0555178851081224	0.390034790717184	0.0465669255706747	0.0138814271379037	0.0223326269049334	0.257743761746414	0.184328760427233	0.469160065017343	0.312412251085322	0.566868517692354	0.2088759642433	0.132090872581478	0.3303441553212	0.0572265766470399	0.0123106559701474	0.0014306320610206	0.0006454695379178	0.169340608652259	0.0232231393099888	0.0071544105895618	0.0781579771364803	0.0581351084549681	0.0003405469173897	0.0851084034024904	0.4722688465693	0.076031803188026	0.481413023170793	0.598622452611111	0.315642218844793	0.0910162946383588	0.0316458012564978	0.0309928081096084	0.0154729901809202	0.0163286236471862	0.0099523025118908	0.0108581898359779	0.637289206775374	0.481034689374851	0.0832970198292991	0.0037876768037015	0.0011244669196073	0.114313606435306	0.0020151571719126	0.224397665698549	0.0608589510068328	0.0106513784943351	0.202019143580453	0.101931330730411	0.630057598161869	0.352913459842096	0.580633785168576	0.0210014226931443	0.343425123896145	0.0029552596875929	0.294241811496486	0.0046185041793133	0.0957626224414062	0.042759027218935	0.0030098639286731	0.88159631311176	0.0156561411504064	0.0269755830634979	0.0063824382309842	0.0343519655238183	0.0352134627865712	0.627528691934132	0.0500028081381991	0.074309668435108	0.425227807187698	0.0900197833776533	0.102283070485434	0.0505964702619902	0.0956083969935921	0.096162589174822	0.15922465642608	0.0020798053526052	0.0012213770993395	0.000321151797899	0.0039729610012443	0.0001703640236599	5.9794109785755e-05	0.0106430762214427	0.0003050611571192	0.0015269570126462	0.0005341036064929	0.0862292512183095	0.192470031919607	0.283002792804951	0.0471756364203559	0.0008250573694189	0.112580164674473	0.010657929862367	0.0086165713383605	0.154628074990601	0.170015619754858	0.218747378648121	0.0620796986273532	0.105013891553305	0.0094182775378626	0.0026516515105898	0.0036946292089814	0.0619464470129655	0.0004206189637834	0.00072013251333	0.000600585356363	0.0006406507286916	0.0007159278453562	0.0049807262390138	0.0006888804113151	0.0035645933224088	0.0171494341098186	0.0054599473935972	0.0038902439382491
0.158946085563088	0.0395685703143572	0.545683339052858	0.338355896853954	0.218828494187226	0.0092734508738478	0.0325919905857207	0.0245086464218638	0.0088768684516933	0.0056371784602877	0.01443240686924	0.0100120419118893	0.0123484129593903	0.141495530533835	0.213318146196379	0.142413005631393	0.0411486491072771	0.0171161483445067	0.0030844196241085	0.0029683952049148	0.0039104587554887	0.144168397038085	0.007896761346823	0.184065469746209	0.0077563419164919	0.139007583059142	0.0182842342259362	0.0780036330204701	0.0381251990193017	0.0498277656731787	0.590917744820874	0.595647210717487	0.0386706013998539	0.758045798904907	0.0345353371330717	0.0383896230005613	0.0031879096929555	0.616619230514901	0.0834631498008908	0.295505879568101	0.0029548800695408	0.152918187744906	0.0181252915647636	0.352516857641792	0.390128123462608	0.100680153864976	0.638969757986879	0.638144854310631	0.609262386588007	0.59301347812593	0.639082480714683	0.678357260577705	0.32048115041848	0.556363215403337	0.457952758123798	0.46264947788976	0.409476432417837	0.656606181070049	0.398312429671046	0.229191812964268	0.509950063863777	0.513440664201565	0.53398560759779	0.439093777753034	0.317755521844224	0.329148823806687	0.166936548986576	0.235398392027966	0.534564532486244	0.0679550703820451	0.0238995956903915	0.0386000878130361	0.490760237089437	0.193940119877937	0.525557895685943	0.286148420282946	0.416011476426496	0.622233661729057	0.374074819220634	0.0670061472145859	0.0686500256409067	0.0840419892100382	0.0018305316816854	0.0048572663613128	0.208133747564372	0.0053852177471011	0.043236494577953	0.116761671121324	0.243581939475553	0.0020575470597444	0.106069929029884	0.429691111290466	0.278604146222516	0.537431193440101	0.370710129322802	0.325804407959376	0.298424881489553	0.0155062470557743	0.0141078694760076	0.0057689853194471	0.0015586016890876	0.0587925519992404	0.0031456281499514	0.700745835524965	0.37556761226666	0.0620271355020128	0.347969922775518	0.0239816887844125	0.009121668439515	0.005351726573508	0.0159736730506769	0.364876030871645	0.648339047537252	0.0389879557633768	0.791002461658726	0.706486889182875	0.461353823236553	0.466852753625966	0.014313052478384	0.121235306697205	0.0053633683854128	0.214617518273441	0.0111800071526597	0.734507534156477	0.156786142600467	0.0096354162008889	0.0346905739645278	0.0171121501316247	0.0308853949997782	0.0083293177129496	0.0360971568412458	0.0449354564474476	0.175747012649312	0.0635842892035943	0.0905482137800854	0.0116560710492488	0.0995202647242178	0.115792719960953	0.0503835610759897	0.114104270161418	0.117519508871094	0.167677441315593	0.0006129344985746	0.0045316828590235	0.0043004129564562	0.0006978859586497	4.95745647737019e-05	7.92897508474236e-05	0.0042397262339106	0.0004169628629235	0.0024402685442246	6.26919881415857e-05	0.0727931668304839	0.0234465047404417	0.124408208194485	0.004364870035441	0.0142948356108108	0.154383247101866	0.0037840520093569	0.0307205094856635	0.417006237665009	0.218712139784716	0.0926158836461374	0.427142955439457	0.10407610984869	0.0345357986179536	0.0058450910651003	0.000938059361352	0.0038911579328584	0.0006128327524337	0.0101065280234725	0.0007694678461379	0.0008716868895614	0.0011237237051424	0.0005775667666287	0.0007407473941502	0.0004417425926824	0.0033581193969284	0.0007536377833092	0.0008256655613947
0.0874130743524793	0.104107239160288	0.0617299501205136	0.288918481124096	0.605218546843742	0.0027971846296303	0.0038313437895867	0.150044022011139	0.152720219580213	0.0078608593081967	0.0039912555221323	0.017707065535993	0.0044301735567911	0.0126690852714316	0.0185352607591622	0.655861878516068	0.0258968137522848	0.0158889651455841	0.0094428703225517	0.0015878169444189	0.0113093940805388	0.232071068296004	0.0152628408611359	0.0074441608298372	0.134291282277192	0.0218181006175755	0.0754107654044164	0.103974635196345	0.0129155469550816	0.237514322273525	0.0768616820213146	0.143935088132552	0.104966559546364	0.344981707334055	0.225318832001764	0.0528847044732324	0.0690227049076836	0.0863961474610223	0.0777680987027775	0.0578920652077569	0.017292207370425	0.433265020652403	0.036341223487133	0.116275171276199	0.0779428830238193	0.657133469683539	0.371385236034093	0.418780189501206	0.280992753401193	0.318190537797319	0.644101877851368	0.493067812410917	0.174176271573151	0.090867246012155	0.0922454471675146	0.0768942295230073	0.0761631854948912	0.558378629678083	0.0359436300616749	0.0208200832593321	0.140369578545826	0.0333163902553717	0.0422526261383397	0.0535860212136082	0.104614471001568	0.361026471424999	0.0093162656973405	0.0158956283840193	0.214500151322991	0.231852667233589	0.0041312679927798	0.0063436448243669	0.245884255518637	0.0122522698268357	0.262259021755773	0.405158853280015	0.166603628372928	0.0154002750679694	0.0367749723003446	0.0374085271543955	0.0185670498978498	0.0199430750568983	0.0007215196810539	0.0002513731812991	0.167821546986042	0.0104872812385318	0.0030385774859215	0.0740925711402598	0.0174638926086203	5.75358684326986e-06	0.0287861415653952	0.259375218889884	0.0217179611173005	0.0847156868326659	0.150993324043382	0.135840216007891	0.0424542502855271	0.0290603378230464	0.0746863825176236	0.243427099524549	0.0108844339848205	0.0172999457994216	0.0171785442091897	0.201912282904095	0.145050001963722	0.00872486271422	0.102340308564654	0.0464665698378289	0.0625435166950788	0.0222506532196302	0.0758446785338784	0.0040687192687713	0.008566475462704	0.536248018693648	0.133821302697235	0.016949636044841	0.392282610373464	0.010732869239911	0.0129982025826865	0.0785894358268287	0.0503552973704666	0.069576509366545	0.0052279914275245	0.0619128339558974	0.210908026716259	0.14066684719064	0.0295131396980805	0.484289092531881	0.0302541386810561	0.0081221187922802	0.0357385799990157	0.0350655464229775	0.659946066998337	0.85228703042625	0.0659691251568681	0.553256467802611	0.086362204589948	0.098010476191208	0.0537120414116948	0.0855579834055931	0.0845288575165334	0.566206613749064	0.0006126826135465	0.0100451994009776	0.0224727556680121	0.0085977894918542	0.0193711024748976	0.045770434232348	0.0009333998247082	0.0963166310911596	0.100420162427552	0.0204946255592701	0.0090112759907761	0.0053277066709795	0.562263744895335	0.0029991305140729	0.012177800063727	0.0059105666818621	0.0399218334865271	0.105626667225168	0.160634738058276	0.201760465329341	0.0384730434996128	0.110238414611949	0.0082977587267512	0.0431398219029657	0.0309550868700099	0.0076764211794192	0.0193834395331607	0.0089463175149981	0.220284148665243	0.0386894242511376	0.0347959545821899	0.0014748148119861	0.0012814117583805	0.0019124408695137	0.243403898171383	0.0262440001095237	0.078608879897702	0.0010133290860681
0.070004072534584	0.0052824770335227	0.115626011227399	0.0081772788823672	0.0097127755489902	0.0463268352653555	0.0045729067711009	0.0553006639346432	0.383232990882685	0.0421447699543403	0.0438526695175981	0.003573087280078	0.148044663428002	0.0609046455910627	0.0142190189546571	0.0645123692968421	0.0280897981635969	0.0687557636549748	0.0588815296658113	0.0274328527836535	0.156593197419963	0.0267008152680416	0.0032099621876595	0.0975483925531149	0.0049542865626786	0.0196977748292674	0.0083915413264555	0.494418043159898	0.390435317525642	0.0082102129474492	0.258548454648525	0.142644557137001	0.0441297146258474	0.99999928076676	0.134337199950611	0.152775629647537	0.128810883218095	0.172287460567039	0.0378997962943303	0.283438643598433	0.0031224942492859	0.0113858348125643	0.33875345725898	0.13587778929458	0.166640066852761	0.100866738944942	0.241858149117541	0.29179618137128	0.167591984128744	0.204440101243684	0.205147633955789	0.358328941823925	0.352154734196122	0.233692841203657	0.28344303089999	0.0461018032430966	0.0490442016791638	0.355917931416823	0.327275459332776	0.0173415667911	0.496476075291954	0.292479253677359	0.0282254434912386	0.13816060860326	0.0126288123445938	0.282397874064961	0.0466910929091371	0.0744657835526233	0.169768108484901	0.193884788377345	0.0198398383440719	0.0054368727599484	0.845894829385009	0.216516263241357	0.0466548453381135	0.109073157478733	0.302517676136773	0.075985990435653	0.0229809426365449	0.0033623843062338	0.200325969501902	0.0154355441549516	0.0042789252813208	0.0189633192375156	0.114666334302767	0.0382509949311453	0.0203195327091015	0.0476751611178469	0.0530509062605068	0.0025417069051214	0.092038414908433	0.691524200009849	0.0882395542976603	0.405771138038118	0.0934508390463519	0.0946847796733272	0.0431289847349798	0.0974768392046222	0.102113290870652	0.080388412744725	0.0028899743868766	0.184617270977103	0.16212067952852	0.764996718194147	0.212715955117101	0.229207662094676	0.237274583233495	0.0813199159460091	0.0861620740019636	0.0833311223388651	0.157782438831991	0.0343231048562606	0.183723101927959	0.0633787223665546	0.134244388529752	0.482590256372626	0.432869174382149	0.339281006310653	0.0160555750199228	0.0082251305395575	0.197022057973805	0.0647403728012153	0.0078836628615153	0.0565456940101106	0.378306492398958	0.251796609285149	0.0315283509640136	0.0238280688232707	0.0347897272809926	0.0108303757671593	0.0375496312928661	0.638683379836394	0.815398233330632	0.581357610945614	0.064223877911969	0.662817154704114	0.0864954076344203	0.0989638773338287	0.0562943732129174	0.0832381389713961	0.0817367278437144	0.126918770807002	0.0623369676817537	0.0251243313988992	0.0088461838389926	0.291633582330947	0.0067468583802606	0.0169709851260039	0.0230519768571578	0.201251623750256	0.0102797571990916	0.0083472903428872	0.0525418754290363	0.282266822078051	0.139020206989896	0.0473431074182869	0.0028801529350263	0.165432474382682	0.132197581653032	0.0513658310729501	0.0299343874772605	0.173512270406885	0.0392213473443861	0.0058933175219095	0.047159775393884	0.0675398890799049	0.113194974050654	0.129676326180185	0.0803905507291622	0.0025445248553951	0.0309306987965024	0.0035332845259214	0.0293265872674126	0.003076493968759	0.003067748799288	0.0044476569059943	0.0232039153634613	0.0049710827479607	0.0263647631911463	0.0791751162896508
0.635256886578539	0.0426886477237464	0.302260940944033	0.376158017739477	0.627294193808856	0.0067774381810122	0.162738287187889	0.571065601852292	0.0454353817329292	0.0044698811919693	0.0111203163042626	0.0471904256435226	0.0092140345311734	0.170461238465171	0.463885196017811	0.5562059459292	0.660015146626903	0.0824369237854337	0.014259148475294	0.0148799143648972	0.0714807037338284	0.147897219376083	0.0059706509313996	0.367051684789876	0.005452120545045	0.157001078134027	0.533867649078121	0.0854213613559636	0.0345532955287697	0.050401682296389	0.197959313808329	0.787299649646235	0.0384883639925934	0.947589477767519	0.206020057934874	0.204765938043197	0.0016469568431292	0.203310693486098	0.0695102483562468	0.0737228013385007	0.0017698761201793	0.187876268121858	0.0160874482068057	0.030064562710074	0.586350063482537	0.469564231940041	0.649586270791431	0.64673373882196	0.284660140673444	0.606148677622641	0.235906373752749	0.682369706863017	0.602183719472692	0.525829604621744	0.499194904669082	0.510437480691271	0.584145661011273	0.0937683512529314	0.456957329058053	0.262490251528093	0.515125502143844	0.408347166774637	0.430854622498808	0.492617641924307	0.37693069010086	0.387786160959058	0.201873207167111	0.278097286606175	0.543440470140234	0.0941330084537762	0.0316578282051391	0.0515586908235525	0.524795274478531	0.236190846953038	0.524575545381387	0.539182170451351	0.474286067149212	0.243666659430285	0.429644140563792	0.323098834697063	0.282384245780759	0.112682093114642	0.0418521859518258	0.0450144826533673	0.483145626620838	0.0070570886677527	0.0526710435130678	0.171461499133482	0.297592848724127	4.33340817957359e-05	0.349506577675289	0.482940953305469	0.327237480808927	0.587544992415769	0.437327075363242	0.384048927810121	0.0759615166379451	0.0125612610887873	0.0110463925038678	0.0263450696306986	0.0345022030768452	0.0113787830655725	0.001767586819585	0.677207559263897	0.420528742091501	0.419522854810516	0.0803423980633382	0.0373713829493725	0.213562315756568	0.032908401279078	0.0141888925747433	0.387229347401204	0.696926320025251	0.0463094027982281	0.06754976760364	0.714971103620005	0.515152107037347	0.659581679512996	0.0925724278805338	0.734554016291583	0.701849583593304	0.616287237523049	0.089030302133278	0.204518104569395	0.517495954007296	0.268937795914361	0.0328900276283561	0.0140626353345865	0.0271397049769691	0.0064166253684476	0.0345475772163372	0.0420799005498377	0.190700252292143	0.0623319625581858	0.0937732050000739	0.110464704676702	0.0998021949102188	0.115518095657838	0.0480326500035521	0.117830786841066	0.121819481400127	0.278671704468758	0.0002930498421851	8.02661415854213e-05	0.0003471720254756	0.0072279206324741	0.0011521013435396	0.0006713640660345	0.0136041057923356	0.000176266675364	0.0031139315698138	0.0001675462493911	0.271799347413134	0.0212496752710462	0.44477357292214	0.0025767250735804	0.0009949003581526	0.151047706283552	0.0971844031826391	0.0286591845327054	0.537389912002848	0.261197250983017	0.259322077319617	0.237355992579046	0.120033106150689	0.004442563043327	0.0039167307073517	0.0004492567218298	0.0023860445759422	0.0020656681775286	0.0005421192526709	0.0081382699794166	0.0035665639701734	0.0005660210151313	0.0002473280002114	0.0003239010365867	0.0087724721752851	0.24729659449974	0.0711019156787926	0.0004130828182149
0.158646700385088	0.0277216677400726	0.0960483611882837	0.0106666507541628	0.0364549738559212	0.120121372325649	0.0257099052697485	0.0009943371891045	0.0032389971896006	0.0013234581411781	0.0255288151695991	0.0137579687325153	0.0009787796128213	0.002163170684879	0.270543542137343	0.0021209334214487	0.0168548273520935	0.010796756233617	0.0281060850767767	0.0034710307842326	0.0002293595952768	0.0172524470265314	0.0129402801359825	0.451065065873677	0.0087633173908051	0.0558180416617961	0.0243010982381791	0.0965491484132965	0.0580584256685898	0.0112665454043417	0.0180497391472814	0.328132032876516	0.0564717979383174	0.999892057664231	0.0094685156363974	0.0121809631907625	0.0395721544367631	0.0185937623488556	0.0064498374282808	0.158986341270147	0.0003603588615602	0.0209746662471918	0.0086549481986052	0.0301646199785261	0.0953334265608407	0.019523466898921	0.176275682111913	0.249327500182678	0.111120093888267	0.14331740423691	0.406008866242209	0.306172050288611	0.477504486342943	0.102917654677174	0.1339468677754	0.0916157627744048	0.131294789464325	0.299635417387685	0.130454856389552	0.017659040548508	0.0960931887487581	0.0244839911094847	0.152456252689541	0.176281154376303	0.0140677186858725	0.284904192423262	0.0068962131490122	0.214465603915962	0.0490746601793115	0.0011763873326078	0.000272711000259	0.000422335334545	0.058741610902909	0.228716726056232	0.0120116801658867	0.132258660266627	0.0307737791829935	0.8771478552395	0.407415395038003	0.195609098252767	0.823342480713998	0.214454315146706	0.0090760596192291	0.0003666647905677	0.320395076271021	0.0073869945821238	0.0003482664418816	0.0110489171243101	0.0021278700598235	3.30595277178346e-05	0.0034544897080189	0.253522249359904	0.0021902150390069	0.540080567151514	0.139861541675927	0.377698297274596	0.0042261245025728	0.0191810081006078	0.018269572794361	0.0005391899075307	0.0076785352704849	0.000380876902983	0.004077988777002	0.24848956675731	0.0401663137602008	0.0120168255722363	0.0107725395495662	0.0047595101287634	0.0167724611680755	0.0005469548027411	0.0008727168730318	0.020872314801823	0.0023993234631801	0.0179475032574834	0.108187200037247	0.28098996345278	0.677388851845646	0.0944804230155681	0.256409601002422	0.386390539027946	0.116559187578486	0.226434825690314	0.0013813370660479	0.840353461572158	0.124274651614153	0.0005807045537852	0.0232855836378187	0.014439754834937	0.0228959172508983	0.847938439312979	0.0323988262301939	0.0251021555431655	0.863718436705356	0.035344549754644	0.943118913195111	0.777501285929118	0.0776609479861603	0.0850647394557038	0.0513691952246693	0.0726850655743875	0.0701510525996076	0.0265129811881841	0.0033683687997341	0.0001089772606009	0.000133603519921	0.0002957536993869	0.0162610128271684	0.0039089238140376	0.0029674112643977	0.0689386669931669	0.0001278123113952	0.0489396922411615	0.0106759909650679	0.0097861546298231	0.0418215427642373	0.0007419332391779	0.0203667360216645	0.0077803455358047	0.0092121846213226	0.0104975190522821	0.121507801591255	0.0019119903858869	0.0008576792403327	0.0041615721511312	0.0360010862349952	0.0075669897093828	0.0458012248547863	0.0002165707169181	0.0141193310231508	0.0284381009359995	0.0004921298157318	0.0565665190998107	0.0005010179438717	0.240346344489072	0.0759755078217338	0.0007634260267721	0.0036110891121348	0.0010525368360876	0.021508075609135	0.0067912109361729
0.280402001152532	0.0973012809709118	0.253073869879924	0.188188026391198	0.250478029346051	0.0051966482808444	0.0133595858986197	0.0123323296162977	0.0317193036253111	0.0167225299024744	0.0078929081873689	0.0050955874156974	0.0501406111876016	0.0590012665049472	0.0931065294392189	0.399565210183168	0.367926977692323	0.0421400589684931	0.0018626704666449	0.0020289831769406	0.0022134476999025	0.0698805265967235	0.0271057311695978	0.127559016029413	0.0048548535272043	0.0710336400460882	0.745238676497114	0.487787065436536	0.0236481863946185	0.424650759794539	0.65859749168915	0.670288302550201	0.0999660796761875	0.905962488343324	0.111517196467008	0.120201756087667	0.0023292386375551	0.287380332075207	0.0494565639924419	0.338453262818887	0.019717140431662	0.457716303564218	0.0740429182729136	0.22856915202576	0.228498183603874	0.0571484895614883	0.591014373893451	0.598785001207742	0.5407391703108	0.539454552126295	0.580574130041537	0.334661323047759	0.587159271147505	0.332325899474015	0.317868860910457	0.307117761887143	0.269589272210953	0.328916759729841	0.220452977153024	0.310818461491518	0.546580696035353	0.184367489179041	0.444097619749873	0.264775087160805	0.374121464432137	0.161591602346752	0.234430268649496	0.101779788337067	0.214239586400474	0.274565363636618	0.0307750121234663	0.0477373051813912	0.142367341560644	0.264686756057296	0.357000527743512	0.141486644207527	0.451165419281952	0.292743450659742	0.203674527486074	0.712514777771587	0.0205215213847851	0.109756950267384	0.0467045807168193	0.0129796051614821	0.249282849802721	0.0103403735899839	0.0146572454222501	0.131954579019323	0.103368858197652	0.0007933785531494	0.145806636258456	0.267963091110469	0.13055664046788	0.51884895031675	0.435823413909493	0.393538327333142	0.0245613641882517	0.0527355508339016	0.125598932812806	0.0037109197763955	0.0012728636220633	0.0170970344167442	0.0184623776623708	0.35164378407415	0.483134013139591	0.0278050927943825	0.0064393954393899	0.0019063794461942	0.0051933305244557	0.0748534537444485	0.141757911992755	0.51274671066433	0.478575487624447	0.181408519915139	0.161062888355728	0.721426811593803	0.637432205960571	0.65241549222917	0.250857744098366	0.565887886124319	0.004428236078786	0.0918377171456142	0.0855865161767695	0.53816162027829	0.573169062222145	0.293066701773031	0.885889973997834	0.0174463782394148	0.0299076282765589	0.0078381331196747	0.0356310054420982	0.0399126247036375	0.72485817620548	0.876807604134067	0.929980911605515	0.390710613175271	0.0937391140506393	0.107812080126277	0.0513933037808299	0.101682522349984	0.103135440720787	0.0848053216356549	0.0005275103222176	0.0330573727812399	0.0332205784110611	0.0006983499399097	5.79326591964106e-05	9.90284460407072e-05	0.0005313537881927	0.0004751936999887	0.0003794323584193	9.09174599625443e-05	0.0312721311169832	0.272577063825555	0.383781866741291	0.0033530529447135	0.0014566855991948	0.0826871555057494	0.248251489106887	0.321047467182342	0.23450272561362	0.447825736674224	0.127349847073843	0.0274938964139445	0.392323841881766	0.0029654576705159	0.0861043271291558	0.0061994310439088	0.0215459111359067	0.0052567408915026	0.0499424276270341	0.0008915196529213	0.0009516153158085	0.0011080356320166	0.0006989104457315	0.0009593433688703	0.000527390166319	0.0029094965309003	0.0008359792388936	0.028414593302637
0.61665409317069	0.167872413220002	0.324185660240403	0.586997315236038	0.579589795306333	0.0217941632050344	0.392879542514816	0.0783665710052211	0.137043589338589	0.0206282004636703	0.0367579915514723	0.0295394559817122	0.308045479688542	0.440123059295927	0.539763067939361	0.430298385659926	0.18837792721855	0.0776530577968027	0.0061625848861849	0.0040879603779409	0.0091835474925469	0.385141120731057	0.108073582256963	0.322194373958145	0.121232035391854	0.350732589151488	0.0403905120305007	0.248822102806572	0.781252660779519	0.188083988546887	0.482980370637192	0.663594758694032	0.444460653471322	0.59664358977062	0.137829205161665	0.135795439724755	0.0032852313224969	0.646967246006234	0.189647391057759	0.672881601675772	0.0038539743282082	0.66126292881026	0.0597340785378848	0.411192597344163	0.639647876957872	0.24550659765432	0.67021941106867	0.665774459883017	0.656015276613937	0.628944923968167	0.677689877905792	0.696550427729095	0.166481911774605	0.306320082089922	0.601184837517063	0.632190890788168	0.583470323245049	0.675750141612751	0.628298129014358	0.510315731153093	0.420720043821784	0.265535708507567	0.612062613664071	0.388274952565445	0.601110757977284	0.588718154774199	0.472740455370476	0.527690964690424	0.582684177850028	0.374616634758972	0.222565760187834	0.29472225609065	0.463395259557384	0.500662740480709	0.689252661334585	0.553494406863131	0.655223929875373	0.498218045613738	0.622298095928778	0.29494557661727	0.358072199581344	0.398792125551524	0.0864096455100113	0.212781683432836	0.567167083971428	0.0659659543033762	0.0696135949945982	0.505374620300377	0.42523541223923	0.0005021968006223	0.429281003378376	0.624323874695779	0.567812737365106	0.697199668343933	0.619083643370636	0.590851585380347	0.529435841621002	0.193745206618741	0.190555012157942	0.0097784977328172	0.0087516784630268	0.0022093545241966	0.024751020780225	0.0481187736960575	0.659696997840404	0.23397444621148	0.502027732999009	0.0027280882441057	0.147666702456436	0.0094080606298123	0.0507913882201458	0.521280507891323	0.343743665905942	0.504944370171845	0.24667160904385	0.521691865314415	0.44990275156824	0.465618573666612	0.322005752997703	0.687057099451864	0.0053415756052707	0.231513194987759	0.0182634454588059	0.362526384205722	0.466827562765466	0.0260885699487149	0.0388424491868311	0.0135964260325999	0.0291022816784578	0.0073805635779496	0.0355982604719414	0.0535854570571955	0.376722166972718	0.0813763937312891	0.897876487671274	0.315736111731987	0.112365631294506	0.132898857266113	0.0460936620121344	0.146862965727855	0.155653571076951	0.56791978564677	0.0026167926932951	6.66075806604277e-05	0.0005478112835642	0.0003648569846995	1.21845698716799e-05	1.87225208374648e-05	0.004347142457225	0.0001427120538742	0.001026605471217	9.25462242086908e-06	0.276545941479273	0.0755259006058879	0.544139630112359	0.0357458770409486	0.001744268205082	0.388254600844669	0.0063611957839525	0.373793418091056	0.665694143775322	0.546922401144393	0.341573905875144	0.303860179825179	0.363250033963672	0.0196118510347572	0.0076946719152497	0.0112000083083039	0.0723966063469942	0.000235787982043	0.0005464593939043	0.0002659329221116	0.0003636885080939	0.0006091060563535	0.0042010997560458	0.0001974922698962	0.0012847576952353	0.0029641595211727	0.0027328363365125	0.0004817304155448
